param,tt,ss,ff,lower,upper
vth0,0.5190093,0.5164001,0.52129956,0.5164001,0.52129956
u0,0.0318614,0.0311586,0.03237873,0.0311586,0.03237873
vsat,80000.0,80000.0,80000.0,80000.0,80000.0
k1,0.54086565,0.54086565,0.54086565,0.54086565,0.54086565
voff,-0.1052686,-0.1052686,-0.1052686,-0.1052686,-0.1052686
